{
  "(36, 75, 161, 4)": [
    0.00016876003676169666,
    0.0,
    15.0
  ],
  "(44, 34, 176, 6)": [
    0.008716961972847947,
    4.033333333333333,
    19.025
  ],
  "(31, 64, 151, 4)": [
    0.011172146809941158,
    0.0,
    1.0
  ],
  "(26, 64, 137, 5)": [
    0.021617719405381743,
    0.0,
    1.0
  ],
  "(25, 35, 245, 1)": [
    0.021425625454012293,
    0.0,
    21.0
  ],
  "(35, 30, 272, 4)": [
    0.0037694678983152185,
    26.533333333333335,
    34.9
  ],
  "(17, 16, 202, 1)": [
    0.015280338351589621,
    11.847619047619048,
    255.42499999999998
  ],
  "(45, 25, 184, 5)": [
    0.020560756383206442,
    0.0,
    14.0
  ],
  "(29, 19, 266, 5)": [
    0.0017837980868291462,
    12.430555555555555,
    27.375
  ],
  "(46, 40, 226, 1)": [
    0.0069320915583144386,
    15.175,
    428.75
  ],
  "(7, 19, 110, 5)": [
    0.004703640363644896,
    9.230555555555556,
    119.02499999999999
  ],
  "(26, 46, 109, 2)": [
    0.004215269586779,
    4.5,
    19.5
  ],
  "(28, 76, 148, 5)": [
    0.016392991650857232,
    0.0,
    5.0
  ],
  "(18, 13, 34, 2)": [
    0.0018203609693985766,
    43.76842948717948,
    1010.9
  ],
  "(29, 53, 188, 5)": [
    0.00602781599577617,
    5.8,
    56.65
  ],
  "(45, 7, 218, 3)": [
    0.01147743550792966,
    0.0,
    18.0
  ],
  "(37, 52, 237, 3)": [
    0.0,
    0.45,
    0.44999999999999996
  ],
  "(32, 2, 105, 6)": [
    0.020301938285004206,
    7.9,
    22.925
  ],
  "(33, 63, 215, 3)": [
    0.0,
    0.16666666666666666,
    0.25
  ],
  "(38, 11, 5, 1)": [
    0.004734249355457092,
    2.716666666666667,
    82.95
  ],
  "(30, 14, 60, 1)": [
    0.015125364384746676,
    0.0,
    3.0
  ],
  "(42, 1, 266, 1)": [
    0.020166901499990238,
    1.0,
    12.75
  ],
  "(47, 47, 56, 5)": [
    0.010195742061554595,
    0.0,
    2.0
  ],
  "(33, 25, 193, 3)": [
    0.007645920713035714,
    1.0,
    14.5
  ],
  "(24, 13, 132, 5)": [
    0.00044290139568375637,
    0.0,
    1.0
  ],
  "(20, 42, 14, 6)": [
    0.0002636428093984904,
    0.75,
    24.125
  ],
  "(42, 35, 120, 1)": [
    0.004624548651306694,
    12.083333333333334,
    102.375
  ],
  "(30, 6, 238, 6)": [
    0.0027741106486623064,
    23.833333333333332,
    37.875
  ],
  "(43, 6, 274, 2)": [
    0.006109600323334672,
    7.125,
    86.125
  ],
  "(14, 18, 56, 1)": [
    0.005533911138468664,
    16.329166666666666,
    251.375
  ],
  "(30, 50, 3, 3)": [
    0.011669750102172898,
    1.0833333333333333,
    47.625
  ],
  "(16, 42, 187, 4)": [
    0.00687908193476875,
    0.0,
    6.0
  ],
  "(15, 33, 288, 2)": [
    0.01659765428424298,
    2.7722222222222217,
    414.2
  ],
  "(43, 36, 128, 2)": [
    0.012225019684359375,
    1.5,
    6.125
  ],
  "(14, 44, 118, 1)": [
    0.002226749462836678,
    193.01666666666668,
    215.25
  ],
  "(40, 30, 280, 2)": [
    0.006964809646517557,
    0.4,
    13.3
  ],
  "(30, 47, 176, 6)": [
    0.005544110408517477,
    12.207777777777778,
    132.45
  ],
  "(27, 26, 262, 2)": [
    0.004194366647425979,
    10.753565416065415,
    299.125
  ],
  "(37, 51, 122, 4)": [
    0.0,
    0.15,
    0.225
  ],
  "(18, 44, 3, 1)": [
    0.008393578737550067,
    2.244444444444445,
    36.55
  ],
  "(27, 56, 116, 2)": [
    0.0,
    0.2,
    0.15
  ],
  "(15, 21, 226, 5)": [
    0.004569521002740419,
    13.223148148148148,
    519.3000000000001
  ],
  "(35, 11, 151, 4)": [
    0.0019827046009786675,
    17.433333333333334,
    56.3
  ],
  "(38, 8, 246, 6)": [
    0.0024912113739593887,
    32.373333333333335,
    94.25
  ],
  "(21, 31, 254, 4)": [
    0.00447559242933788,
    7.650482654600301,
    543.9
  ],
  "(27, 32, 182, 5)": [
    0.003003921821681559,
    4.897222222222223,
    74.5
  ],
  "(48, 5, 103, 5)": [
    0.02397975256913237,
    0.0,
    3.0
  ],
  "(38, 16, 52, 3)": [
    0.010083288078546599,
    2.05,
    25.075
  ],
  "(47, 12, 91, 6)": [
    0.025209114419590457,
    0.0,
    5.0
  ],
  "(30, 7, 31, 3)": [
    0.011814183595051124,
    1.6333333333333333,
    25.225
  ],
  "(41, 19, 113, 5)": [
    0.007366621040505572,
    0.0,
    5.0
  ],
  "(47, 38, 31, 3)": [
    0.0023544405812336144,
    83.04333333333334,
    158.85
  ],
  "(22, 42, 118, 3)": [
    0.007382463818780785,
    11.252222222222223,
    331.29999999999995
  ],
  "(41, 9, 129, 4)": [
    0.0050217781029435055,
    4.688888888888889,
    27.55
  ],
  "(14, 13, 151, 4)": [
    0.006604941863143117,
    14.543690476190477,
    279.40000000000003
  ],
  "(26, 12, 95, 2)": [
    0.011053133079630618,
    4.616666666666666,
    50.724999999999994
  ],
  "(30, 33, 137, 3)": [
    0.0022594793234290977,
    2.0,
    18.5
  ],
  "(42, 30, 233, 6)": [
    0.017273109371883855,
    0.0,
    22.0
  ],
  "(17, 30, 190, 6)": [
    0.011216918310929016,
    4.925,
    290.075
  ],
  "(26, 24, 103, 6)": [
    0.009153532262438105,
    9.408888888888889,
    250.825
  ],
  "(31, 52, 225, 1)": [
    0.005530084586434195,
    7.28984126984127,
    145.47500000000002
  ],
  "(42, 48, 183, 6)": [
    0.00040268697959123335,
    349.43333333333334,
    269.075
  ],
  "(15, 50, 111, 1)": [
    0.004638602191216291,
    3.44,
    102.69999999999999
  ],
  "(37, 7, 109, 5)": [
    0.025411951031196915,
    0.0,
    2.0
  ],
  "(15, 20, 19, 6)": [
    0.007888655976283913,
    7.554444444444444,
    188.8
  ],
  "(23, 45, 128, 3)": [
    0.0047591214683735126,
    2.9702380952380953,
    85.4
  ],
  "(35, 10, 198, 3)": [
    0.005794390772006227,
    22.897222222222222,
    148.20000000000002
  ],
  "(10, 14, 239, 3)": [
    0.017829999740956306,
    1.0,
    30.75
  ],
  "(26, 16, 133, 1)": [
    0.008264665298210508,
    0.7611111111111112,
    8.45
  ],
  "(35, 36, 50, 6)": [
    0.01033868678627644,
    0.0,
    9.0
  ],
  "(44, 26, 229, 1)": [
    0.02694590038154191,
    0.0,
    5.0
  ],
  "(15, 42, 157, 6)": [
    0.002728582735813299,
    20.99212962962963,
    340.4
  ],
  "(48, 6, 276, 6)": [
    0.02402035072195457,
    0.0,
    8.0
  ],
  "(19, 14, 42, 3)": [
    0.008287231529901724,
    11.652380952380952,
    139.75
  ],
  "(48, 14, 205, 6)": [
    0.021858205552536727,
    0.0,
    12.0
  ],
  "(19, 40, 38, 6)": [
    0.0031777809417116703,
    58.406918049270985,
    1409.075
  ],
  "(22, 43, 263, 4)": [
    0.006440706486373296,
    3.5912962962962967,
    124.025
  ],
  "(38, 37, 93, 2)": [
    0.007919735963968522,
    2.0,
    7.5
  ],
  "(47, 59, 200, 1)": [
    0.025073184131161535,
    0.0,
    7.0
  ],
  "(27, 43, 171, 3)": [
    0.008077032418053956,
    1.0333333333333334,
    1.775
  ],
  "(36, 21, 124, 4)": [
    0.0005939669152575541,
    100.71666666666667,
    90.64999999999999
  ],
  "(20, 64, 3, 2)": [
    0.019880520180687786,
    0.35,
    8.375
  ],
  "(48, 14, 242, 3)": [
    0.022544296921135076,
    0.0,
    17.0
  ],
  "(39, 14, 173, 3)": [
    0.0030540099733207178,
    12.322222222222223,
    164.825
  ],
  "(48, 88, 192, 1)": [
    0.0016522680869618472,
    54.53333333333333,
    43.9
  ],
  "(28, 76, 157, 6)": [
    0.0017911946277846765,
    13.75,
    26.625
  ],
  "(26, 25, 278, 5)": [
    0.00675175122005449,
    10.62984126984127,
    355.125
  ],
  "(24, 33, 261, 1)": [
    0.0022495090159037334,
    71.25281746031746,
    428.47499999999997
  ],
  "(31, 41, 70, 3)": [
    0.0013176161240481279,
    83.82777777777778,
    294.975
  ],
  "(32, 2, 102, 3)": [
    0.027378879044499697,
    0.0,
    13.0
  ],
  "(39, 56, 167, 1)": [
    0.00017903059070158232,
    0.6,
    11.35
  ],
  "(39, 34, 275, 2)": [
    0.011924397320215219,
    0.0,
    28.0
  ],
  "(10, 37, 258, 5)": [
    0.010041273337597217,
    0.0,
    2.0
  ],
  "(25, 30, 181, 6)": [
    0.015362707852251089,
    2.5222222222222226,
    48.3
  ],
  "(45, 24, 191, 5)": [
    0.00526258117912114,
    2.0,
    5.5
  ],
  "(35, 5, 19, 1)": [
    0.005919678892670706,
    1.4416666666666667,
    22.549999999999997
  ],
  "(36, 42, 185, 6)": [
    0.008363508037283909,
    3.433333333333333,
    15.15
  ],