{
  "train_loss": [
    0.635658967256546,
    0.601229637225469,
    0.5773559653759003,
    0.5137821797529857,
    0.4831518002351125,
    0.44655564506848655,
    0.42169116433461507,
    0.40089497896035514,
    0.37167841804027557,
    0.35843845570087435,
    0.34744947028160095,
    0.3285400477250417,
    0.3265291111469269,
    0.31126081601778666,
    0.3121583799521128,
    0.30416361049811047,
    0.2953987749020259,
    0.28672827287515007,
    0.28218504079182943,
    0.2808052036166191,
    0.278519526163737,
    0.27342634133497873,
    0.2676723641554515,
    0.2737947766780853,
    0.2636929498910904,
    0.27080458887418113,
    0.2635919746160507,
    0.27094825943311057,
    0.25592591071128845,
    0.26084802907705307,
    0.25580913823843004,
    0.2529342312812805,
    0.2524920952320099,
    0.2515360569357872,
    0.25307260237137474,
    0.25271638464927676,
    0.24295313068230948,
    0.24985424739122392,
    0.24709047865867614,
    0.242202285528183,
    0.24432185014088947,
    0.2495826380054156,
    0.24089304568370185,
    0.24314316648244857,
    0.24020124075810115,
    0.23406005907058716,
    0.22919965968529382,
    0.22907281414667766,
    0.229105321764946,
    0.22665048692623774,
    0.22175672288735707,
    0.2275800416469574,
    0.21863535747925442,
    0.21900729483366013,
    0.2187639736334483,
    0.21859566601117453,
    0.21888091840346655,
    0.20891679100195568,
    0.2110329434076945,
    0.20923447344700496,
    0.20776439505815505
  ],
  "val_loss": [
    0.6533778980573018,
    0.5748949715296428,
    0.5821487781206767,
    0.46243500916163127,
    0.4453594836393992,
    0.4127894042730331,
    0.37899003505706785,
    0.37383281405766805,
    0.335236399213473,
    0.32637821141878764,
    0.3069100864728292,
    0.29356669588883716,
    0.2991956734657288,
    0.27995536430676776,
    0.28372381488482157,
    0.2740194276968638,
    0.2794470053513845,
    0.2551842316389084,
    0.25285168369611105,
    0.2512811890443166,
    0.25239424709479014,
    0.24893494987487794,
    0.2402726666132609,
    0.23827427820364636,
    0.24866188406944276,
    0.2418579715092977,
    0.241001042842865,
    0.2338858420054118,
    0.233175572236379,
    0.23043158316612244,
    0.23491362150510153,
    0.22941763114929198,
    0.22890887173016866,
    0.22920805168151856,
    0.2284344166914622,
    0.2280784736076991,
    0.23172403860092164,
    0.22467197140057882,
    0.22232064203421276,
    0.23137154682477315,
    0.2315137315193812,
    0.2277119771639506,
    0.22920624883969626,
    0.24414457976818085,
    0.23942573086420696,
    0.22319511699676514,
    0.2223392548561096,
    0.21891196242968242,
    0.21800029945373536,
    0.22684670031070708,
    0.21012949991226196,
    0.21735166660944621,
    0.21284699459870657,
    0.21747148529688518,
    0.22117832628885906,
    0.24112046992778777,
    0.21110815076033274,
    0.21397688512007396,
    0.21536342402299244,
    0.21264247592290242,
    0.2193913261493047
  ],
  "val_accuracy": [
    0.6678333333333333,
    0.6948333333333333,
    0.6998333333333333,
    0.8156666666666667,
    0.8131666666666667,
    0.8251666666666667,
    0.8363333333333334,
    0.8318333333333333,
    0.8481666666666666,
    0.8448333333333333,
    0.8466666666666667,
    0.8656666666666667,
    0.8495,
    0.8756666666666667,
    0.8611666666666666,
    0.8666666666666667,
    0.8846666666666667,
    0.8911666666666667,
    0.89,
    0.891,
    0.8871666666666667,
    0.8871666666666667,
    0.9031666666666667,
    0.8993333333333333,
    0.8986666666666666,
    0.8975,
    0.8996666666666666,
    0.9021666666666667,
    0.9011666666666667,
    0.9028333333333334,
    0.9013333333333333,
    0.9041666666666667,
    0.904,
    0.9053333333333333,
    0.9018333333333334,
    0.9093333333333333,
    0.905,
    0.911,
    0.908,
    0.9053333333333333,
    0.9081666666666667,
    0.9085,
    0.9083333333333333,
    0.9093333333333333,
    0.9088333333333334,
    0.915,
    0.9145,
    0.9141666666666667,
    0.9135,
    0.9115,
    0.9156666666666666,
    0.9148333333333334,
    0.9156666666666666,
    0.913,
    0.9121666666666667,
    0.9163333333333333,
    0.9173333333333333,
    0.9185,
    0.9183333333333333,
    0.9176666666666666,
    0.918
  ],
  "val_positive_accuracy": [
    0.0,
    0.193176116407426,
    0.2769693928750627,
    0.7631710988459609,
    0.7235323632714501,
    0.7797290516808831,
    0.826392373306573,
    0.814350225790266,
    0.8278976417461114,
    0.8268941294530858,
    0.8359257400903161,
    0.9182137481184145,
    0.8379327646763672,
    0.9528349222277973,
    0.8790767686904165,
    0.8580030105368791,
    0.9402910185649774,
    0.958354239839438,
    0.9924736578023081,
    0.960863020572002,
    0.9433015554440541,
    0.9468138484696438,
    0.9789262418464626,
    0.9784244856999498,
    0.9894631209232313,
    0.9734069242348219,
    0.9899648770697441,
    0.9859508278976418,
    0.9824385348720521,
    0.9944806823883593,
    0.9779227295534371,
    0.9954841946813848,
    0.9904666332162569,
    0.9924736578023081,
    0.9979929754139488,
    0.9884596086302058,
    0.9954841946813848,
    0.9844455594581034,
    0.9834420471650778,
    0.9919719016557953,
    0.9698946312092324,
    0.9879578524836929,
    0.9794279979929754,
    0.9683893627696939,
    0.9809332664325138,
    0.9889613647767185,
    0.9894631209232313,
    0.9944806823883593,
    0.9844455594581034,
    0.9869543401906673,
    0.9939789262418465,
    0.9904666332162569,
    0.9929754139488208,
    0.9909683893627697,
    0.9929754139488208,
    0.9799297541394882,
    0.9919719016557953,
    0.9884596086302058,
    0.9914701455092825,
    0.9924736578023081,
    0.9874560963371801
  ],
  "val_negative_accuracy": [
    1.0,
    0.9443473920638882,
    0.9101572248565011,
    0.841776890441727,
    0.8577489393561267,
    0.847766408784627,
    0.841277763913152,
    0.8405290741202895,
    0.8582480658847018,
    0.8537559271275268,
    0.8520089842775144,
    0.8395308210631395,
    0.8552533067132518,
    0.8372847516845521,
    0.8522585475418019,
    0.8709757923633641,
    0.8570002495632643,
    0.8577489393561267,
    0.8390316945345645,
    0.8562515597704018,
    0.8592463189418518,
    0.8574993760918392,
    0.8654854005490392,
    0.8599950087347142,
    0.8535063638632393,
    0.8597454454704268,
    0.8547541801846769,
    0.8604941352632892,
    0.8607436985275767,
    0.8572498128275517,
    0.8632393311704517,
    0.8587471924132768,
    0.8609932617918642,
    0.8619915148490143,
    0.8540054903918143,
    0.8699775393062141,
    0.8599950087347142,
    0.874469678063389,
    0.8704766658347891,
    0.8622410781133018,
    0.877464437234839,
    0.8689792862490642,
    0.8729722984776641,
    0.879960069877714,
    0.8729722984776641,
    0.8782131270277015,
    0.8772148739705515,
    0.8742201147991016,
    0.8782131270277015,
    0.8739705515348141,
    0.8767157474419766,
    0.8772148739705515,
    0.8772148739705515,
    0.8742201147991016,
    0.8719740454205142,
    0.8847017718991764,
    0.8802096331420015,
    0.8837035188420265,
    0.8819565759920139,
    0.880459196406289,
    0.883453955577739
  ],