{
  "train_loss": [
    0.5307476468170031,
    0.5122946468405069,
    0.5113165650885707,
    0.49955640309534893,
    0.4719328113352529,
    0.46675454042018794,
    0.45888895053452194,
    0.4391074762367212,
    0.4010288301176918,
    0.3839719744916922,
    0.3717361236342226,
    0.35519238216237137,
    0.34435339214893196,
    0.3344350193445675,
    0.3356092309894653,
    0.32593610187688954,
    0.33083339197376666,
    0.33189832188260443,
    0.30198524820918854,
    0.30095724347300423,
    0.30092962195698064,
    0.29964230302423717,
    0.28625385577495865,
    0.2845656414287159,
    0.28418675060279835,
    0.2821222856974068,
    0.27888398334241143,
    0.2783905702848404,
    0.27596402996645186,
    0.27979635820982934,
    0.27969457304325346,
    0.29581450859007363,
    0.3008025841305431,
    0.32192383059107077,
    0.3047925627079254,
    0.2879746088299888,
    0.27402198200408645,
    0.2701263092577267,
    0.2675645376165835,
    0.2730008955961599,
    0.2650088518857956,
    0.2637591804749669,
    0.2595746200115155,
    0.25873281033084794,
    0.25297011642124706,
    0.2520158141851425,
    0.25573136274235697,
    0.2532085067452714,
    0.24999509366175618,
    0.2518953638145337,
    0.248701267301465,
    0.249709584080754,
    0.24677775162287033,
    0.24644235714365498,
    0.24760288766588265,
    0.24825242202217207,
    0.24743206501483156,
    0.24309757537544727,
    0.2454340688812847,
    0.23991410196208343,
    0.23578674572344405,
    0.23304469283586873,
    0.23729219304296537
  ],
  "val_loss": [
    0.4941626407623291,
    0.48906536865234373,
    0.4937087682723999,
    0.4583403377532959,
    0.45524891452789307,
    0.4487145457267761,
    0.4250689134597778,
    0.410501294708252,
    0.36271556606292726,
    0.35129596786499023,
    0.3337009265899658,
    0.3430807597160339,
    0.3226507016181946,
    0.359537980222702,
    0.3115162887096405,
    0.30592109169960024,
    0.34389533820152285,
    0.28783885469436643,
    0.30094655656814573,
    0.2815129343509674,
    0.2987216426372528,
    0.278637598657608,
    0.2622210554599762,
    0.27102852416038514,
    0.2671524996757507,
    0.2587128862380981,
    0.25877126002311707,
    0.26566417288780214,
    0.262299046421051,
    0.2570637582778931,
    0.2936943685054779,
    0.27226733503341677,
    0.28671415901184083,
    0.28048867444992065,
    0.27880979928970334,
    0.2640403643608093,
    0.2546283441543579,
    0.25546950120925904,
    0.2561418659210205,
    0.2530001918792725,
    0.24843874025344848,
    0.25017332463264463,
    0.2492397954940796,
    0.2485434425354004,
    0.2473392346382141,
    0.24686516046524049,
    0.24817305173873902,
    0.25291110339164735,
    0.24141327323913575,
    0.24157000980377197,
    0.24405996313095094,
    0.2500349024772644,
    0.2372618251800537,
    0.24919630732536316,
    0.2428797270298004,
    0.23815113987922668,
    0.24316860275268554,
    0.2495981605529785,
    0.24133030700683594,
    0.24027261018753052,
    0.24352931170463563,
    0.24277813014984131,
    0.24280184564590454
  ],
  "val_accuracy": [
    0.8046,
    0.8048,
    0.8046,
    0.8046,
    0.8046,
    0.8046,
    0.8046,
    0.8046,
    0.8214,
    0.8264,
    0.8226,
    0.821,
    0.8252,
    0.811,
    0.8086,
    0.8248,
    0.8154,
    0.8342,
    0.8428,
    0.8406,
    0.838,
    0.8292,
    0.8516,
    0.843,
    0.8414,
    0.8492,
    0.8476,
    0.8426,
    0.8462,
    0.8516,
    0.8426,
    0.8446,
    0.8368,
    0.8408,
    0.8426,
    0.85,
    0.8508,
    0.8504,
    0.8466,
    0.8482,
    0.8502,
    0.854,
    0.8502,
    0.8522,
    0.8542,
    0.8552,
    0.854,
    0.8492,
    0.8562,
    0.8578,
    0.8618,
    0.8582,
    0.8596,
    0.852,
    0.8564,
    0.8592,
    0.8562,
    0.8554,
    0.857,
    0.8576,
    0.8564,
    0.859,
    0.8572
  ],
  "val_identical_score": [
    0.20175406008958816,
    0.20075360774993897,
    0.19915422558784485,
    0.17059490736573935,
    0.16009947132319213,
    0.16916451051831247,
    0.16907152760773897,
    0.17058532513678074,
    0.10162319760769606,
    0.11735010899603367,
    0.13853467602282762,
    0.16645238384604455,
    0.2198721045255661,
    0.29122946500778196,
    0.26472669303417207,
    0.30075348377227784,
    0.2730829505622387,
    0.42708989590406415,
    0.4674700951576233,
    0.46893679946660993,
    0.4930119179189205,
    0.45944981068372726,
    0.505902456343174,
    0.5848099398612976,
    0.5515938341617584,
    0.5615091308951378,
    0.5726339182257653,
    0.5609385472536087,
    0.5296665906906128,
    0.546730133742094,
    0.6302244901657105,
    0.6718994633853436,
    0.591592273414135,
    0.5675140066444874,
    0.5764063349366189,
    0.6770017014443874,
    0.66045386120677,
    0.6816910600662232,
    0.6829319182038307,
    0.6967616891860962,
    0.7205726590752601,
    0.7110285958647728,
    0.7715534245967866,
    0.7438501340150833,
    0.7691319081187248,
    0.7963976773619652,
    0.7690590739250183,
    0.784478391110897,
    0.7493294131755829,
    0.7829329025745392,
    0.7505113983154297,
    0.7875593331456184,
    0.7913962090015412,
    0.8290517753362656,
    0.7766935575008392,
    0.8232336473464966,
    0.8043792930245399,
    0.8223540046811104,
    0.8045878264307976,
    0.8230133068561554,
    0.8782914870977402,
    0.8337349635362625,
    0.8661606726050377
  ],
  "val_f1": [
    0.0,
    0.002044989775051125,
    0.0,
    0.0,
    0.0,
    0.0,
    0.0,
    0.0,
    0.5487620010106115,
    0.4918032786885246,
    0.552246340232206,
    0.4288449266113593,
    0.5370762711864406,
    0.21706710853355426,
    0.1432408236347359,
    0.542319749216301,
    0.4560989982321744,
    0.6167360147942672,
    0.6456266907123535,
    0.6421194431971262,
    0.6393588601959038,
    0.49347568208778175,
    0.6678603401969562,
    0.6735966735966736,
    0.6675052410901468,
    0.6899671052631579,
    0.6792929292929293,
    0.6960216299729626,
    0.696646942800789,
    0.6981285598047193,
    0.6646783127396677,
    0.6678067550235143,
    0.6211699164345403,
    0.6536118363794604,
    0.6620867325032203,
    0.6808510638297872,
    0.6811965811965812,
    0.7059748427672956,
    0.6834502682624846,
    0.6798819063686208,
    0.698348771647201,
    0.6983471074380165,
    0.7002801120448179,
    0.6970069700697007,
    0.7030549898167006,
    0.7133808392715756,
    0.7056451612903226,
    0.7047768206734534,
    0.7017834923268353,
    0.7080082135523614,
    0.7129206481096801,
    0.7169660678642714,
    0.7132352941176471,
    0.6991869918699187,
    0.7114147909967846,
    0.7177225340817963,
    0.7108966626457579,
    0.7092882991556092,
    0.7101743007701662,
    0.7050538525269263,
    0.710950080515298,
    0.7118921127911728,
    0.7144
  ],