{
  "train_loss": [
    0.6951458729230441,
    0.6928206773904654,
    0.6810013239200299,
    0.6360391928599431,
    0.5702472420839163,
    0.5786239688213055,
    0.48498779993790847,
    0.47858908543219936,
    0.4675281231219952,
    0.45317015051841736,
    0.4496525228023529,
    0.4502898936088269,
    0.42441905920322126,
    0.4329057725576254,
    0.42782577184530407,
    0.42055853513570934,
    0.40306142431039077,
    0.4050425268136538,
    0.4292111419714414,
    0.4089521307211656,
    0.39462098708519566,
    0.3942062694292802,
    0.38861179695679593,
    0.4001815364911006,
    0.37915369409781235,
    0.3701124500769835,
    0.3729417622089386,
    0.37475459850751436,
    0.36488765248885524,
    0.36083591213593114,
    0.3565132274077489
  ],
  "val_loss": [
    0.6964872169494629,
    0.6928859090805054,
    0.6415983390808105,
    0.5752304935455322,
    0.7157309138774872,
    0.44552692890167234,
    0.4430348652601242,
    0.447088063955307,
    0.4111711382865906,
    0.3885846304893494,
    0.4041516649723053,
    0.38149708449840547,
    0.3788938641548157,
    0.4304052984714508,
    0.38706589102745054,
    0.38492994010448456,
    0.3787588441371918,
    0.3909535700082779,
    0.3838666605949402,
    0.376718248128891,
    0.3685533881187439,
    0.37805509328842163,
    0.3941579329967499,
    0.3798948934674263,
    0.38567657232284547,
    0.42820951104164123,
    0.38069512367248537,
    0.37343749552965166,
    0.3854841029644012,
    0.3828414392471313,
    0.38398598551750185
  ],
  "val_accuracy": [
    0.475,
    0.475,
    0.685,
    0.73,
    0.68,
    0.825,
    0.815,
    0.835,
    0.83,
    0.84,
    0.84,
    0.86,
    0.84,
    0.81,
    0.83,
    0.855,
    0.86,
    0.85,
    0.85,
    0.845,
    0.87,
    0.865,
    0.835,
    0.865,
    0.86,
    0.82,
    0.845,
    0.86,
    0.86,
    0.845,
    0.855
  ],
  "val_f1": [
    0.0,
    0.0,
    0.6985645933014354,
    0.7216494845360825,
    0.6235294117647059,
    0.8401826484018264,
    0.8370044052863436,
    0.8436018957345972,
    0.8440366972477065,
    0.8545454545454545,
    0.8490566037735849,
    0.8738738738738738,
    0.8532110091743119,
    0.8137254901960784,
    0.8468468468468469,
    0.867579908675799,
    0.8691588785046729,
    0.8557692307692307,
    0.8571428571428571,
    0.8584474885844748,
    0.8807339449541285,
    0.8778280542986425,
    0.8390243902439024,
    0.8767123287671232,
    0.8691588785046729,
    0.8217821782178217,
    0.8584474885844748,
    0.8703703703703703,
    0.8691588785046729,
    0.8530805687203792,
    0.8663594470046083
  ],
  "val_auc": [
    0.724812030075188,
    0.7727318295739348,
    0.7552882205513785,
    0.8055137844611528,
    0.7836591478696742,
    0.8851127819548872,
    0.8724812030075187,
    0.8819047619047619,
    0.8937343358395989,
    0.9010526315789474,
    0.9087719298245613,
    0.9040601503759399,
    0.9067669172932331,
    0.889624060150376,
    0.9001503759398496,
    0.899749373433584,
    0.9082706766917292,
    0.9020551378446116,
    0.9055639097744361,
    0.9013533834586467,
    0.90265664160401,
    0.8953383458646617,
    0.9091729323308271,
    0.8948370927318297,
    0.9027568922305764,
    0.8936340852130327,
    0.8984461152882206,
    0.9061654135338346,
    0.8988471177944863,
    0.9007518796992482,
    0.8947368421052632
  ],
  "learning_rates": [
    0.001,
    0.001,
    0.001,
    0.001,
    0.001,
    0.001,
    0.001,
    0.001,
    0.001,
    0.001,
    0.001,
    0.001,
    0.001,
    0.001,
    0.001,
    0.001,
    0.001,
    0.001,
    0.001,
    0.001,
    0.001,
    0.001,
    0.001,
    0.001,
    0.001,
    0.001,
    0.001,
    0.0005,
    0.0005,
    0.0005,
    0.0005
  ],
  "epoch_times": [
    1.7539398670196533,
    1.6827237606048584,
    1.4660327434539795,
    1.7755968570709229,
    1.5932564735412598,
    1.480189561843872,
    1.4896845817565918,
    1.4788832664489746,
    1.4467060565948486,
    1.6097736358642578,
    1.7371151447296143,
    1.7753040790557861,
    1.8395664691925049,
    1.5455923080444336,
    1.7301967144012451,
    1.6013133525848389,
    1.7875697612762451,
    1.6768393516540527,
    1.7692348957061768,
    1.917332649230957,
    1.6856701374053955,
    1.8112449645996094,
    1.6605181694030762,
    1.7038800716400146,
    1.7242522239685059,
    1.8969933986663818,
    1.9298155307769775,
    1.969783067703247,
    1.9609332084655762,
    1.8004119396209717,
    1.8714497089385986
  ],
  "best_epoch": 21,
  "best_val_loss": 0.3685533881187439
}