{
  "train_loss": [
    0.3793585694636019,
    0.25034833225769737,
    0.22298411219217146,
    0.20426123421460676,
    0.19270892033038048,
    0.1810459259528512,
    0.16478982977212048,
    0.1617484433760944,
    0.14152982321600563,
    0.13317979018861492,
    0.11754016060465441,
    0.11227570791333057,
    0.1055207812783722,
    0.09776191661854426,
    0.08718188174259357,
    0.0858639001477355,
    0.10385599648490691,
    0.10263923992411778,
    0.09874486544440253,
    0.08489422877125752,
    0.08204312377963394,
    0.07744823876149452,
    0.08133377298153342,
    0.07357104994749394,
    0.07962681814290273,
    0.0716557090167706,
    0.06816826812095773,
    0.07592735325429624,
    0.06815451074587985,
    0.07444414440185403,
    0.07487968032876142,
    0.06957804088811048,
    0.0692736754244485,
    0.06489709872728625,
    0.060209005313089335,
    0.05627274479770575,
    0.05672359945008549,
    0.06840603466862782,
    0.054315389718669956,
    0.04643456243981307,
    0.04648662808562477,
    0.04408934690242711,
    0.046141233192176556,
    0.04197689916748113,
    0.04576378562204992,
    0.04276477541036595,
    0.04148297297646301,
    0.038763279426313295,
    0.038926771934926746,
    0.03584330529569627,
    0.0397890851626131,
    0.03276665560297144,
    0.03380593714920191
  ],
  "val_loss": [
    0.2734188339233398,
    0.2395208608865738,
    0.2093275487780571,
    0.18279301952123642,
    0.17902043969035147,
    0.15891893124580384,
    0.14058447222709655,
    0.13508321850299834,
    0.10754948562383651,
    0.10468851505517959,
    0.08644803165793419,
    0.10668091561794281,
    0.09195962708592414,
    0.07987076707482338,
    0.07662243022918701,
    0.08673007595539094,
    0.07538352136015893,
    0.3881180512905121,
    0.07421876420974731,
    0.07271534006595612,
    0.07467860295772552,
    0.07565172362327575,
    0.06972991483211517,
    0.06954724625349044,
    0.06905497320890426,
    0.06400246773958206,
    0.06668788805007934,
    0.06741060725450516,
    0.07239588958024978,
    0.06247903072834015,
    0.06068365724086761,
    0.05444033554792404,
    0.13594928406476975,
    0.05928601680994034,
    0.05841489258110523,
    0.05480447244346142,
    0.06202315937280655,
    0.05724724682271481,
    0.054716919299960136,
    0.054472403785586355,
    0.05336557098925113,
    0.05229522687792778,
    0.04749098532795906,
    0.05321564764976502,
    0.049650188863277434,
    0.051313441610336304,
    0.052074781775474546,
    0.05354590273201466,
    0.057410063022375106,
    0.05069949850738049,
    0.051058661296963695,
    0.05620090072751045,
    0.05014440706372261
  ],
  "val_accuracy": [
    0.9128,
    0.9234,
    0.9408,
    0.9412,
    0.9424,
    0.9456,
    0.9494,
    0.9448,
    0.9458,
    0.9462,
    0.9628,
    0.9572,
    0.9674,
    0.9776,
    0.975,
    0.9766,
    0.9774,
    0.9608,
    0.9776,
    0.9792,
    0.9766,
    0.977,
    0.979,
    0.9784,
    0.984,
    0.9814,
    0.9814,
    0.98,
    0.9758,
    0.9818,
    0.9818,
    0.9846,
    0.9592,
    0.9834,
    0.9854,
    0.9854,
    0.9846,
    0.9844,
    0.9862,
    0.9866,
    0.9864,
    0.9864,
    0.988,
    0.9862,
    0.9874,
    0.9866,
    0.9874,
    0.9868,
    0.9884,
    0.9888,
    0.989,
    0.9896,
    0.9886
  ],
  "val_positive_accuracy": [
    0.6854368932038835,
    0.8029126213592233,
    0.8184466019417476,
    0.8233009708737864,
    0.8019417475728156,
    0.8223300970873786,
    0.8262135922330097,
    0.816504854368932,
    0.829126213592233,
    0.8368932038834952,
    0.9145631067961165,
    0.9029126213592233,
    0.9563106796116505,
    0.996116504854369,
    0.9796116504854369,
    0.9883495145631068,
    0.9990291262135922,
    0.9019417475728155,
    0.9922330097087378,
    0.9912621359223301,
    0.9970873786407767,
    0.9728155339805825,
    0.9786407766990292,
    0.9932038834951457,
    0.9951456310679612,
    0.996116504854369,
    0.9951456310679612,
    0.987378640776699,
    0.9951456310679612,
    0.9941747572815534,
    0.9980582524271845,
    0.9941747572815534,
    0.912621359223301,
    0.9941747572815534,
    0.9951456310679612,
    0.9980582524271845,
    0.996116504854369,
    0.9970873786407767,
    0.9951456310679612,
    0.9951456310679612,
    0.9951456310679612,
    0.9980582524271845,
    0.9980582524271845,
    0.9941747572815534,
    0.996116504854369,
    0.9951456310679612,
    0.9970873786407767,
    0.9970873786407767,
    0.9941747572815534,
    0.9951456310679612,
    0.9970873786407767,
    0.9951456310679612,
    0.996116504854369
  ],
  "val_negative_accuracy": [
    0.9717884130982368,
    0.9546599496221663,
    0.972544080604534,
    0.9717884130982368,
    0.9788413098236776,
    0.9775818639798489,
    0.981360201511335,
    0.9780856423173804,
    0.9760705289672544,
    0.97455919395466,
    0.9753148614609571,
    0.9712846347607053,
    0.9702770780856423,
    0.9727959697732997,
    0.9738035264483628,
    0.9735516372795969,
    0.9717884130982368,
    0.9760705289672544,
    0.9738035264483628,
    0.9760705289672544,
    0.9712846347607053,
    0.9780856423173804,
    0.9790931989924433,
    0.97455919395466,
    0.9811083123425692,
    0.9775818639798489,
    0.9778337531486146,
    0.9780856423173804,
    0.9707808564231738,
    0.9785894206549118,
    0.9775818639798489,
    0.9821158690176323,
    0.9712846347607053,
    0.9806045340050378,
    0.9828715365239294,
    0.9821158690176323,
    0.9816120906801008,
    0.9811083123425692,
    0.9838790931989925,
    0.9843828715365239,
    0.9841309823677582,
    0.9833753148614609,
    0.985390428211587,
    0.9841309823677582,
    0.9851385390428211,
    0.9843828715365239,
    0.9848866498740554,
    0.9841309823677582,
    0.9869017632241813,
    0.9871536523929471,
    0.9869017632241813,
    0.9881612090680101,
    0.9866498740554156
  ],
  "val_identical_score": [
    0.04452194480225444,
    0.06529868364334107,
    0.07590500270016491,
    0.11636324880644679,
    0.10855692302808166,
    0.10538466788828373,
    0.1501688601821661,
    0.21310504615306855,
    0.38559461146593094,
    0.33625184282660486,
    0.5060089167952537,
    0.4733113339543343,
    0.5768592274188995,
    0.645251852273941,
    0.6067104116082191,
    0.7043265825510026,
    0.7198060888051987,
    0.7176608216762542,
    0.6887350261211396,
    0.7199093335866928,
    0.7855202150344849,
    0.7929580383002758,
    0.7741129831969737,
    0.7883262673765421,
    0.8162068121135235,
    0.7849833668023348,
    0.8594038194417953,
    0.8203478786349296,
    0.85827931702137,
    0.8425582879781723,
    0.859632961153984,
    0.8757842689752579,
    0.8772000724077225,
    0.8028999659419059,
    0.8736928325891494,
    0.8963874256610871,
    0.8944092535972595,
    0.8824732565879821,
    0.9116461646556854,
    0.9165895223617554,
    0.923919934630394,
    0.9094498085975647,
    0.9303166198730469,
    0.9414013278484344,
    0.9232007217407227,
    0.9324082028865814,
    0.9414454913139343,
    0.9459471541643143,
    0.9445318734645843,
    0.9492458409070968,
    0.9476122814416885,
    0.9518857669830322,
    0.9556535607576371
  ],