{
  "train_loss": [
    0.6816632599830628,
    0.6282452445030212,
    0.6012293906211853,
    0.5667179546356201,
    0.5446164712905884,
    0.5323147022724152,
    0.5197983779907227,
    0.5032407441139222,
    0.48601582455635073,
    0.46675473761558534,
    0.44394037079811094,
    0.4282133882045746,
    0.41154550552368163,
    0.41020014452934267,
    0.398674679517746,
    0.3807936065196991,
    0.3624286506175995,
    0.3646295185089111,
    0.3579439651966095,
    0.3397255824804306,
    0.3415364623069763,
    0.3463416123390198,
    0.3404766994714737,
    0.3318745021820068,
    0.3262349451780319,
    0.323061937212944,
    0.3202737571001053,
    0.3204125474691391,
    0.3111569303274155,
    0.311924005150795,
    0.31520363509655,
    0.3081742871999741,
    0.29985562908649444,
    0.308577080488205,
    0.3062757775783539,
    0.3052836503982544,
    0.3013259690999985,
    0.2934376862049103,
    0.28275948572158816,
    0.2726232466101646,
    0.275789116024971,
    0.26913790380954744,
    0.2713931977748871,
    0.2608442723751068,
    0.26700233763456344,
    0.2635571755170822,
    0.2607958006858826,
    0.25804523706436155,
    0.25886672592163085,
    0.26066325426101683,
    0.25744002652168274,
    0.25787107729911807,
    0.24854243183135985,
    0.24667127871513367,
    0.24319081646203994,
    0.24134916448593138,
    0.24071928107738494,
    0.2450718981027603,
    0.2400457851290703,
    0.2407123942375183,
    0.2366536045074463,
    0.23553610986471177,
    0.2361550749540329,
    0.23054623997211457,
    0.23413156652450562
  ],
  "val_loss": [
    0.6374499979019165,
    0.592629734992981,
    0.578907479763031,
    0.5253324790000915,
    0.5171863739490509,
    0.5163813109397888,
    0.494576012134552,
    0.4801528444290161,
    0.45594261717796325,
    0.4251190896034241,
    0.41944743394851686,
    0.389186642408371,
    0.3771652693748474,
    0.3779003357887268,
    0.3726395163536072,
    0.3385819226503372,
    0.3426471586227417,
    0.3526255600452423,
    0.33820132446289064,
    0.3175570100545883,
    0.33728658986091614,
    0.3383590887784958,
    0.34572223675251007,
    0.32508012461662295,
    0.3138799448013306,
    0.32456553041934966,
    0.3164024791717529,
    0.3030665783882141,
    0.3128940877914429,
    0.3107684220075607,
    0.31114560282230375,
    0.3020359538793564,
    0.3092206650972366,
    0.3038187950849533,
    0.3139314417243004,
    0.31093518424034117,
    0.30900037395954133,
    0.3081092984080315,
    0.30226423716545103,
    0.2985052355527878,
    0.29667187732458117,
    0.31515528202056886,
    0.2979294096827507,
    0.3016531955599785,
    0.29864740347862245,
    0.2932524282932282,
    0.29817764621973036,
    0.3043598288297653,
    0.3133391343355179,
    0.2939236795902252,
    0.3005381146669388,
    0.2983075609207153,
    0.30691538941860197,
    0.2975023745298386,
    0.2923257738351822,
    0.2959359947443008,
    0.3012875599861145,
    0.30447372031211856,
    0.3012092716693878,
    0.30113429176807405,
    0.301559384226799,
    0.293368265748024,
    0.2961461417675018,
    0.2981973457336426,
    0.30034430623054503
  ],
  "val_accuracy": [
    0.69,
    0.714,
    0.711,
    0.756,
    0.759,
    0.759,
    0.7625,
    0.77,
    0.775,
    0.8115,
    0.8225,
    0.851,
    0.855,
    0.85,
    0.8505,
    0.8705,
    0.863,
    0.862,
    0.866,
    0.882,
    0.873,
    0.864,
    0.863,
    0.8755,
    0.8765,
    0.8735,
    0.8745,
    0.8855,
    0.8785,
    0.8845,
    0.88,
    0.8835,
    0.879,
    0.8815,
    0.877,
    0.8795,
    0.8745,
    0.8775,
    0.882,
    0.8855,
    0.886,
    0.8815,
    0.8855,
    0.8865,
    0.8855,
    0.891,
    0.8885,
    0.8865,
    0.8835,
    0.8875,
    0.89,
    0.8885,
    0.8855,
    0.888,
    0.8935,
    0.8915,
    0.8915,
    0.89,
    0.891,
    0.8935,
    0.894,
    0.896,
    0.8935,
    0.896,
    0.8925
  ],
  "val_identical_score": [
    0.5077204415202141,
    0.49861238449811934,
    0.5476685228943825,
    0.3553896623104811,
    0.37052962645888327,
    0.3314532300829887,
    0.3691542050242424,
    0.392027967274189,
    0.4278440320491791,
    0.5065433394908905,
    0.5159033960103989,
    0.5737530927360058,
    0.5733253553509712,
    0.6426787203550339,
    0.656260296702385,
    0.7112522619962692,
    0.7242068409919739,
    0.7382618969678879,
    0.7137558770179748,
    0.7932175624370575,
    0.7960931366682052,
    0.7829481583833694,
    0.783427138030529,
    0.8363877892494201,
    0.8516058391332626,
    0.8279990580677986,
    0.7874531781673432,
    0.8635470789670944,
    0.7909564018249512,
    0.8350252917408943,
    0.8868685764074326,
    0.8922924733161927,
    0.9063886725902557,
    0.903258650302887,
    0.8815896606445313,
    0.9161203747987747,
    0.8912679332494736,
    0.8980763190984726,
    0.9279988616704941,
    0.9408095210790635,
    0.9382732892036438,
    0.9479301023483276,
    0.9511711859703064,
    0.9494678902626038,
    0.958804526925087,
    0.9346511912345886,
    0.9632352441549301,
    0.963606847524643,
    0.9608390909433365,
    0.9616452133655549,
    0.9664885532855988,
    0.9616048121452332,
    0.9686668252944947,
    0.9717891544103623,
    0.9712491363286972,
    0.9745424675941468,
    0.974821749329567,
    0.9722816342115402,
    0.9742096489667893,
    0.9786737221479416,
    0.9781211149692536,
    0.980740732550621,
    0.981035611629486,
    0.9823032504320145,
    0.9813325959444046
  ],
  "val_f1": [
    0.7161172161172161,
    0.7434977578475336,
    0.7458223394898856,
    0.76007866273353,
    0.7594810379241517,
    0.7625615763546798,
    0.7654320987654321,
    0.7749510763209393,
    0.7765640516385303,
    0.8232536333802156,
    0.8400180261379,
    0.8627992633517495,
    0.8657407407407407,
    0.8647430117222723,
    0.8632830361225423,
    0.882752376641014,
    0.8774597495527728,
    0.8762331838565023,
    0.8809946714031972,
    0.8938848920863309,
    0.8857913669064749,
    0.8802816901408451,
    0.8759057971014492,
    0.8881903906600809,
    0.8895842646401431,
    0.8849477035015917,
    0.8865793041120651,
    0.8968932913102207,
    0.8890917389319946,
    0.8960863697705803,
    0.8926654740608229,
    0.8942351339083069,
    0.8917710196779964,
    0.8935788055680287,
    0.8875685557586838,
    0.890702947845805,
    0.8861678004535147,
    0.8907712884529648,
    0.8935018050541517,
    0.8960508397639583,
    0.8970189701897019,
    0.89280868385346,
    0.8963331824354912,
    0.8967712596634834,
    0.895576835385317,
    0.9008189262966333,
    0.8990493435943866,
    0.8965831435079726,
    0.893070215695273,
    0.8980516538287268,
    0.8998178506375227,
    0.8981269986295112,
    0.8952903520804756,
    0.8978102189781022,
    0.9020689655172414,
    0.9009584664536742,
    0.9006864988558353,
    0.8988970588235294,
    0.8998161764705882,
    0.9020689655172414,
    0.9021237303785781,
    0.9049360146252285,
    0.902427851580394,
    0.9045871559633027,
    0.9013308857273978
  ],