{
  "train_loss": [
    0.48741156354546544,
    0.29452470362186434,
    0.2645631497353315,
    0.2585612580925226,
    0.24719655856490136,
    0.234232237637043,
    0.22843100287020207,
    0.22948101602494717,
    0.21185620449483394,
    0.20462245658040046,
    0.2037151774019003,
    0.2048468928784132,
    0.20668917693197728,
    0.17955156426876784,
    0.1919776800647378,
    0.17376624688506126,
    0.16149647928774358,
    0.147639046497643,
    0.14962757609784602,
    0.16374260269105434,
    0.14005290891975164,
    0.13349960789084434,
    0.15912387374788522,
    0.1365109258890152,
    0.13026816710829736,
    0.1524793154373765,
    0.12302541926503181,
    0.13074626762419939,
    0.11162510883063077,
    0.12157156027853488,
    0.11545219257473946,
    0.10835083549842238,
    0.11018433064222335,
    0.1054405428469181,
    0.11973686341196299,
    0.2646257332153618,
    0.32055088743567467,
    0.21420151039958,
    0.16126888372004033,
    0.13622436977922917
  ],
  "val_loss": [
    0.33927098035812375,
    0.25232694506645204,
    0.24285633057355882,
    0.22410487294197082,
    0.21831990987062455,
    0.21800111785531043,
    0.2136291640996933,
    0.1991085523366928,
    0.18740501880645752,
    0.1783987933397293,
    0.1654983477294445,
    0.20813012719154358,
    0.17027908623218535,
    0.16018801242113112,
    0.15943217933177947,
    0.14697184681892395,
    0.13927710935473442,
    0.12648056209087372,
    0.12490462779998779,
    0.12850650668144226,
    0.12022827677428723,
    0.13055864736437797,
    0.1834597300738096,
    0.11925605475902558,
    0.12102624759078026,
    0.11101662948727607,
    0.1437532813847065,
    0.10648969456553459,
    0.11011092275381089,
    0.09707396939396858,
    0.10234203673899174,
    0.1090104629099369,
    0.10049689464271068,
    0.10314457714557648,
    0.13799618497490884,
    0.5567993760108948,
    0.235798202753067,
    0.16704739645123481,
    0.1300576677918434,
    0.1160050867497921
  ],
  "val_accuracy": [
    0.8875,
    0.9275,
    0.9275,
    0.935,
    0.935625,
    0.92875,
    0.9325,
    0.934375,
    0.931875,
    0.933125,
    0.935625,
    0.91875,
    0.9275,
    0.93375,
    0.933125,
    0.935,
    0.936875,
    0.939375,
    0.94125,
    0.93625,
    0.945625,
    0.936875,
    0.93375,
    0.95625,
    0.958125,
    0.96625,
    0.955625,
    0.965,
    0.965,
    0.97,
    0.97,
    0.9725,
    0.966875,
    0.968125,
    0.96125,
    0.719375,
    0.911875,
    0.93875,
    0.96,
    0.966875
  ],
  "val_positive_accuracy": [
    0.6081424936386769,
    0.7964376590330788,
    0.8346055979643766,
    0.8422391857506362,
    0.8396946564885496,
    0.8295165394402035,
    0.8498727735368957,
    0.8396946564885496,
    0.8447837150127226,
    0.8447837150127226,
    0.8422391857506362,
    0.8040712468193384,
    0.8447837150127226,
    0.8396946564885496,
    0.8447837150127226,
    0.8422391857506362,
    0.8422391857506362,
    0.8575063613231552,
    0.8549618320610687,
    0.8498727735368957,
    0.8982188295165394,
    0.8625954198473282,
    0.8524173027989822,
    0.9389312977099237,
    0.9643765903307888,
    1.0,
    1.0,
    0.9821882951653944,
    0.9974554707379135,
    0.9847328244274809,
    1.0,
    0.9949109414758269,
    0.989821882951654,
    0.9974554707379135,
    0.9567430025445293,
    0.8473282442748091,
    0.8524173027989822,
    0.9236641221374046,
    0.9796437659033079,
    0.9923664122137404
  ],
  "val_negative_accuracy": [
    0.9784589892294946,
    0.9701739850869926,
    0.9577464788732394,
    0.9652029826014913,
    0.9668599834299917,
    0.9610604805302403,
    0.9594034797017399,
    0.9652029826014913,
    0.9602319801159901,
    0.9618889809444905,
    0.9660314830157415,
    0.956089478044739,
    0.9544324772162386,
    0.9643744821872411,
    0.9618889809444905,
    0.9652029826014913,
    0.9676884838442419,
    0.9660314830157415,
    0.9693454846727423,
    0.9643744821872411,
    0.9610604805302403,
    0.9610604805302403,
    0.9602319801159901,
    0.9618889809444905,
    0.956089478044739,
    0.9552609776304888,
    0.9411764705882353,
    0.9594034797017399,
    0.9544324772162386,
    0.9652029826014913,
    0.9602319801159901,
    0.9652029826014913,
    0.9594034797017399,
    0.9585749792874897,
    0.9627174813587407,
    0.6777133388566694,
    0.9312344656172328,
    0.9436619718309859,
    0.9536039768019884,
    0.9585749792874897
  ],
  "val_identical_score": [
    0.11421693845652044,
    0.12972761288285256,
    0.12696677790954708,
    0.13710301999002694,
    0.1217006716132164,
    0.14797424912452697,
    0.1938058737665415,
    0.17807719852775336,
    0.1988944610208273,
    0.23377399049699307,
    0.25046898700296877,
    0.23134503483772278,
    0.23005091600120067,
    0.26835782259702684,
    0.28507115021348,
    0.3396894305944443,
    0.3403322108089924,
    0.3943504372239113,
    0.4386972340941429,
    0.45968827724456784,
    0.46775940015912054,
    0.36173035234212875,
    0.41208062067627904,
    0.5370764189958572,
    0.6162773522734643,
    0.6487894195318222,
    0.6455730563402176,
    0.6353096458315849,
    0.6898342740535736,
    0.6697148895263672,
    0.7143780249357223,
    0.6970975631475449,
    0.6616687093675137,
    0.7581754779815674,
    0.6552065102756024,
    0.6993144947290421,
    0.44530828192830085,
    0.5805701512098312,
    0.6554968339204789,
    0.7189771056175231
  ],
  "val_f1": [
    0.7264437689969605,
    0.8436657681940701,
    0.8497409326424871,
    0.8642297650130548,
    0.8650065530799476,
    0.8511749347258486,
    0.8608247422680413,
    0.8627450980392157,
    0.8589909443725744,
    0.8612191958495461,
    0.865359477124183,
    0.8293963254593176,
    0.8512820512820513,
    0.8616187989556136,
    0.8612191958495461,
    0.8642297650130548,
    0.8676277850589778,
    0.874189364461738,
    0.8772845953002611,
    0.8675324675324675,
    0.8902900378310215,
    0.8703465982028241,
    0.8634020618556701,
    0.9133663366336634,
    0.9187878787878788,
    0.9357142857142857,
    0.9171528588098017,
    0.9323671497584541,
    0.9333333333333333,
    0.9416058394160584,
    0.9424460431654677,
    0.9467312348668281,
    0.9362214199759326,
    0.9389221556886228,
    0.9238329238329238,
    0.5973094170403588,
    0.8261405672009864,
    0.8810679611650486,
    0.9232613908872902,
    0.936374549819928
  ],
  "val_auc": [
    0.8904756182657989,
    0.9077476383521904,
    0.907176331450761,
    0.9153432795545915,
    0.9375230578200531,
    0.9587794692116175,
    0.9608791801851372,
    0.9692464019259999,
    0.9740318877793027,
    0.9763128990979254,
    0.9818973713558103,
    0.9673364238717743,
    0.979860904688722,
    0.9796521984774987,
    0.979584737883972,
    0.9815748253930107,
    0.9843807644550132,
    0.9843786563114656,
    0.9863392298108362,
    0.984157301238956,
    0.9828692255313048,
    0.9830252281538354,
    0.9740318877793027,
    0.983661887505244,
    0.9841762745308854,
    0.984178382674433,
    0.9788658609342027,
    0.9842542758421505,
    0.9834552894375683,
    0.9859745209770824,
    0.984608443958166,
    0.9851080739789735,
    0.9858058694932655,
    0.9853673756353418,
    0.9824012176637131,
    0.835535289268917,
    0.9492864988162775,
    0.9732919293940563,
    0.9803921568627451,
    0.9822072684573238
  ],
  "learning_rates": [
    0.001,
    0.001,
    0.001,
    0.001,
    0.001,
    0.001,
    0.001,
    0.001,
    0.001,
    0.001,
    0.001,
    0.001,
    0.001,
    0.001,
    0.001,
    0.001,
    0.001,
    0.001,
    0.001,
    0.001,
    0.001,
    0.001,
    0.001,
    0.001,
    0.001,
    0.001,
    0.001,
    0.001,
    0.001,
    0.001,
    0.001,
    0.001,
    0.001,
    0.001,
    0.001,
    0.001,
    0.0005,
    0.0005,
    0.0005,
    0.0005
  ],