{
  "train_loss": [
    0.5401543232798577,
    0.47688321709632875,
    0.4564237487316132,
    0.3996688939630985,
    0.34074821397662164,
    0.3225298334658146,
    0.3027966773509979,
    0.2868577452003956,
    0.29406198993325233,
    0.27806011512875556,
    0.2577892055362463,
    0.2358523454517126,
    0.23854404367506504,
    0.25913626089692116,
    0.3776058979332447,
    0.28618721820414067,
    0.21808977745473385,
    0.21426031980663537,
    0.20935982055962085,
    0.19831973679363726,
    0.20407481551170348,
    0.19110075410455465,
    0.17478336609899997,
    0.18223760813474654,
    0.17769749604165555,
    0.16503119580447673,
    0.17676163215190172,
    0.16683040507137775,
    0.16841366522014142,
    0.17534740589559078,
    0.16843160109594466,
    0.15080437045544387,
    0.16594325467944146,
    0.15625068828463554,
    0.16412026394158602,
    0.16256795927882195,
    0.1506899604201317,
    0.1482915548235178,
    0.14335096534341574,
    0.14358214892446994,
    0.15080881495028733,
    0.1356565948948264,
    0.13633150063455104,
    0.14407667813822628,
    0.13136184014379979,
    0.12238336902111768,
    0.13608386028558017,
    0.13400594871491195,
    0.1366048838943243,
    0.1370600650832057,
    0.12257356822490692,
    0.11666054736822844,
    0.11374256793409586,
    0.12061907628551126,
    0.11498114842921496,
    0.11589293943718076,
    0.10970156637951732,
    0.11177462242543697,
    0.1115832501091063,
    0.11318619765341281,
    0.10788568940013647,
    0.09580566748976707,
    0.09974961716681718,
    0.10054015198722482,
    0.09094659300521016,
    0.0834321485646069,
    0.0812077647447586,
    0.08225684579461813,
    0.08320357291027904,
    0.07815658759325743,
    0.07287485854700208,
    0.0760557147860527,
    0.07212434332817792,
    0.073992283269763
  ],
  "val_loss": [
    0.48240485310554504,
    0.45339996576309205,
    0.4298219263553619,
    0.33955302596092224,
    0.31169451713562013,
    0.29403972864151,
    0.2860222148895264,
    0.29233228862285615,
    0.2804654058814049,
    0.25398393273353576,
    0.2315039551258087,
    0.2211806681752205,
    0.22248526573181152,
    0.4243910551071167,
    0.32240706324577334,
    0.2111888313293457,
    0.19573015004396438,
    0.1918618991971016,
    0.19259045898914337,
    0.17505098670721053,
    0.16927810192108153,
    0.16915029764175415,
    0.179515979886055,
    0.1814965634047985,
    0.1679095795750618,
    0.18454685553908348,
    0.15913645803928375,
    0.1655094075202942,
    0.1497834551334381,
    0.19780855089426042,
    0.14808764636516572,
    0.15126795306801796,
    0.1428784964978695,
    0.15994848772883416,
    0.15880915582180022,
    0.1422866702079773,
    0.1521295776963234,
    0.15308200590312482,
    0.1423427042365074,
    0.1689666423201561,
    0.14267100885510445,
    0.13296798691153527,
    0.15932268753647805,
    0.13066873900592327,
    0.1307953503727913,
    0.12454748675227165,
    0.1240467743575573,
    0.14486412316560746,
    0.13788157179951668,
    0.11189673721790314,
    0.1261285000294447,
    0.12342276267707347,
    0.14275692269206047,
    0.12477888002991676,
    0.10805978618562222,
    0.12368184097111225,
    0.12795819714665413,
    0.12496410176157952,
    0.11078568510711193,
    0.13507331013679505,
    0.14301907308399678,
    0.13458229951560496,
    0.12044446066021919,
    0.10558127462863923,
    0.11508435659110546,
    0.11095059774816037,
    0.11314247786998749,
    0.11306776627898216,
    0.11012148350477219,
    0.11299586862325668,
    0.10759015645831824,
    0.11125538736581803,
    0.1255531357973814,
    0.11097330998629332
  ],
  "val_accuracy": [
    0.754375,
    0.8125,
    0.818125,
    0.87375,
    0.896875,
    0.895,
    0.9025,
    0.898125,
    0.90125,
    0.90875,
    0.92625,
    0.92875,
    0.924375,
    0.813125,
    0.86,
    0.93,
    0.9325,
    0.933125,
    0.931875,
    0.931875,
    0.933125,
    0.926875,
    0.930625,
    0.931875,
    0.93125,
    0.9275,
    0.93,
    0.93375,
    0.934375,
    0.92625,
    0.9425,
    0.9475,
    0.94875,
    0.9425,
    0.945,
    0.945,
    0.9375,
    0.944375,
    0.941875,
    0.945,
    0.9475,
    0.9525,
    0.94625,
    0.9525,
    0.955625,
    0.965,
    0.959375,
    0.95,
    0.939375,
    0.96125,
    0.958125,
    0.95875,
    0.959375,
    0.960625,
    0.963125,
    0.956875,
    0.961875,
    0.964375,
    0.96375,
    0.956875,
    0.954375,
    0.96375,
    0.965625,
    0.969375,
    0.968125,
    0.968125,
    0.97125,
    0.96625,
    0.969375,
    0.969375,
    0.96875,
    0.969375,
    0.97,
    0.969375
  ],
  "val_positive_accuracy": [
    0.0,
    0.5648854961832062,
    0.6005089058524173,
    0.6081424936386769,
    0.7022900763358778,
    0.6793893129770993,
    0.7353689567430025,
    0.7175572519083969,
    0.7073791348600509,
    0.7302798982188295,
    0.821882951653944,
    0.8295165394402035,
    0.8193384223918575,
    0.33078880407124683,
    0.7175572519083969,
    0.8320610687022901,
    0.8295165394402035,
    0.8422391857506362,
    0.8320610687022901,
    0.8371501272264631,
    0.8422391857506362,
    0.8320610687022901,
    0.8396946564885496,
    0.8269720101781171,
    0.8346055979643766,
    0.8422391857506362,
    0.8320610687022901,
    0.8473282442748091,
    0.8473282442748091,
    0.8193384223918575,
    0.8727735368956743,
    0.916030534351145,
    0.905852417302799,
    0.8804071246819338,
    0.9669211195928753,
    0.9007633587786259,
    0.8854961832061069,
    0.8956743002544529,
    0.8982188295165394,
    0.9287531806615776,
    0.9770992366412213,
    0.9643765903307888,
    0.9389312977099237,
    0.9516539440203562,
    0.9491094147582697,
    0.9796437659033079,
    0.9770992366412213,
    0.9185750636132316,
    0.9236641221374046,
    0.9796437659033079,
    0.9414758269720102,
    0.9669211195928753,
    0.9770992366412213,
    0.989821882951654,
    0.9669211195928753,
    0.9872773536895675,
    0.9720101781170484,
    0.9872773536895675,
    0.9872773536895675,
    0.9643765903307888,
    0.9643765903307888,
    0.9694656488549618,
    0.9669211195928753,
    0.989821882951654,
    0.9872773536895675,
    0.9694656488549618,
    0.9770992366412213,
    0.9821882951653944,
    0.9821882951653944,
    0.9745547073791349,
    0.9847328244274809,
    0.9796437659033079,
    0.9643765903307888,
    0.9745547073791349
  ],