{
  "train_loss": [
    0.43741995696061714,
    0.22832118572232823,
    0.17581378350766322,
    0.15698097749782827,
    0.1790570165938177,
    0.13161916765399254,
    0.13460690020538937,
    0.10961204929687916,
    0.15031751610053043,
    0.1316211148679923,
    0.09426184468114147,
    0.07477610760008374,
    0.07115792640196249,
    0.07704074585292571,
    0.07574141722993728,
    0.0607963063294431,
    0.07039230983829298,
    0.06443067126574155,
    0.06269263757092242,
    0.050224418916290224,
    0.05647142503608447,
    0.056321069805737076,
    0.05940384135176889,
    0.045032546990149365,
    0.045728041247030296,
    0.04455976633053011,
    0.059291161884837885,
    0.05095492234638038,
    0.05233215276685993,
    0.0426281336283039,
    0.04369330517992306,
    0.04695731887570433,
    0.056565390635146415,
    0.038140000755371994,
    0.03863445058734284,
    0.04842705081478089,
    0.042482800821151835,
    0.028884318880007837,
    0.026176990759849084,
    0.02514533659537126,
    0.0252883765294076
  ],
  "val_loss": [
    0.3160792015790939,
    0.16587397876381874,
    0.15516969918608667,
    0.1349636465638876,
    0.12600692024827004,
    0.10837727152705193,
    0.0939098033979535,
    0.0945132245078683,
    0.17978285136222838,
    0.08393397200405597,
    0.0709344285145402,
    0.07226796092540026,
    0.06298561714738607,
    0.13563140270709992,
    0.055705970119545235,
    0.07294360673157499,
    0.053218763651465995,
    0.04493087612628006,
    0.047066983136720954,
    0.04392124520823126,
    0.04701573042792734,
    0.06742302831644192,
    0.054771362696029245,
    0.04334427183388252,
    0.04131636088436935,
    0.04656172816827893,
    0.045533306880528104,
    0.04013499839543365,
    0.04260725726762321,
    0.040487727427505886,
    0.035663518991926685,
    0.03587569982216228,
    0.053679880392423364,
    0.05903169680059073,
    0.051681788537386454,
    0.055775565868004924,
    0.0549635081124492,
    0.050188204563851466,
    0.04813466851414414,
    0.04648943060346064,
    0.05176530334134004
  ],
  "val_accuracy": [
    0.889,
    0.961,
    0.9628,
    0.9608,
    0.9632,
    0.9634,
    0.9634,
    0.963,
    0.9352,
    0.9628,
    0.9624,
    0.9644,
    0.9724,
    0.9594,
    0.9838,
    0.9832,
    0.9802,
    0.9864,
    0.9884,
    0.9864,
    0.9864,
    0.9802,
    0.9792,
    0.9874,
    0.987,
    0.9856,
    0.9808,
    0.9884,
    0.9842,
    0.9892,
    0.9894,
    0.9904,
    0.9924,
    0.989,
    0.9914,
    0.9892,
    0.9908,
    0.9922,
    0.995,
    0.9944,
    0.9934
  ],
  "val_identical_score": [
    0.09088814426213503,
    0.051064599342644214,
    0.1065947512537241,
    0.09768449150025844,
    0.1020263646170497,
    0.13617562241852282,
    0.21543151512742043,
    0.22536733686923982,
    0.15628586996346713,
    0.24864851608872413,
    0.37309267967939375,
    0.34409899041056635,
    0.45233537673950197,
    0.35858274169266224,
    0.5468309713900089,
    0.5010279630124569,
    0.48370651975274087,
    0.5695101010799408,
    0.6102000458538532,
    0.7076161548495292,
    0.6467434221506119,
    0.7248894968628883,
    0.5088661023601889,
    0.7662979869544506,
    0.7130944672226905,
    0.7632765758037567,
    0.5912635615468025,
    0.7252438342571259,
    0.795442735850811,
    0.7584916970133782,
    0.7483996134996415,
    0.7503433878719806,
    0.7909111085534096,
    0.8085776743292808,
    0.8259370645880699,
    0.8240689635276794,
    0.8414415031671524,
    0.8705556118488311,
    0.902762433886528,
    0.908460299372673,
    0.9041850143671035
  ],
  "val_f1": [
    0.6272666218938885,
    0.8954423592493298,
    0.9002145922746781,
    0.8954108858057631,
    0.9009687836383208,
    0.9017713365539453,
    0.9017713365539453,
    0.899837574445046,
    0.8321243523316062,
    0.9003215434083601,
    0.8991416309012875,
    0.9039913700107874,
    0.9275970619097587,
    0.8924218335983042,
    0.9593577521324637,
    0.9569672131147541,
    0.9489953632148377,
    0.9656218402426694,
    0.9707661290322581,
    0.9662698412698413,
    0.9658634538152611,
    0.9517308629936616,
    0.9465020576131687,
    0.9686411149825784,
    0.9673858504766684,
    0.9643564356435643,
    0.9508196721311475,
    0.9712871287128713,
    0.9608329201784829,
    0.9732673267326732,
    0.9738787580088714,
    0.976401179941003,
    0.9811881188118812,
    0.972972972972973,
    0.9787234042553191,
    0.9736070381231672,
    0.9774730656219393,
    0.9807787087235091,
    0.9876176324913324,
    0.9861248761149654,
    0.9837037037037037
  ],
  "val_auc": [
    0.8508147500000001,
    0.926069,
    0.965887625,
    0.9760880000000001,
    0.97959225,
    0.9860625,
    0.9933947499999999,
    0.9917652499999999,
    0.95696875,
    0.9936977500000002,
    0.9960022499999999,
    0.99577125,
    0.9969206250000001,
    0.981048125,
    0.9972345,
    0.997734,
    0.9977165000000001,
    0.99831625,
    0.99805175,
    0.9982866249999999,
    0.99773275,
    0.9962432500000001,
    0.9975710000000001,
    0.998167625,
    0.998422,
    0.9978546250000001,
    0.99816025,
    0.998341,
    0.9980527499999999,
    0.998416,
    0.998656875,
    0.99853775,
    0.9981752500000001,
    0.9979547500000001,
    0.9987342499999999,
    0.998455375,
    0.9984744999999999,
    0.9987561250000001,
    0.9986962500000001,
    0.998838125,
    0.99857575
  ],
  "learning_rates": [
    0.001,
    0.001,
    0.001,
    0.001,
    0.001,
    0.001,
    0.001,
    0.001,
    0.001,
    0.001,
    0.001,
    0.001,
    0.001,
    0.001,
    0.001,
    0.001,
    0.001,
    0.001,
    0.001,
    0.001,
    0.001,
    0.001,
    0.001,
    0.001,
    0.001,
    0.001,
    0.001,
    0.001,
    0.001,
    0.001,
    0.001,
    0.001,
    0.001,
    0.001,
    0.001,
    0.001,
    0.001,
    0.0005,
    0.0005,
    0.0005,
    0.0005
  ],
  "epoch_times": [
    52.70389747619629,
    53.387694120407104,
    51.37666082382202,
    53.118573904037476,
    49.82706069946289,
    54.5980486869812,
    59.141093254089355,
    50.82179236412048,
    50.36157441139221,
    52.57303047180176,
    51.24990391731262,
    52.870399475097656,
    52.09925723075867,
    52.113216400146484,
    51.761762857437134,
    56.94821262359619,
    51.808642864227295,
    50.205745458602905,
    50.08609390258789,
    49.73264980316162,
    51.55401825904846,
    49.67170977592468,
    51.682512044906616,
    53.44418454170227,
    49.17953896522522,
    47.93936324119568,
    50.37378215789795,
    47.19736075401306,
    47.355122089385986,
    49.51294565200806,
    49.642144203186035,
    55.326523542404175,
    44.05876326560974,
    46.085713624954224,
    46.749245405197144,
    47.74303936958313,
    45.5714271068573,
    46.44472360610962,
    45.3584508895874,
    45.62276268005371,
    48.526928663253784
  ],
  "best_epoch": 31,
  "best_val_loss": 0.035663518991926685
}