{
  "train_loss": [
    0.5551309294700623,
    0.4423857624530792,
    0.43124720454216003,
    0.42074282479286196,
    0.3962114293575287,
    0.3699703364372253,
    0.35076276898384096,
    0.33345433688163756,
    0.33259981524944304,
    0.3294941619634628,
    0.32111564671993253,
    0.31421153974533084,
    0.3036126210689545,
    0.3082524330615997,
    0.2997789144515991,
    0.300207998752594,
    0.2920213227272034,
    0.2879131804704666,
    0.29218205881118775,
    0.29408907759189606,
    0.2914594967365265,
    0.28625843369960785,
    0.28674359047412873,
    0.2833135007619858,
    0.2814686005115509,
    0.27722679436206815,
    0.2766147145032883,
    0.2843064332008362,
    0.26309535908699033,
    0.2571107590198517,
    0.254285374045372,
    0.2546723284125328,
    0.24926786041259766,
    0.2499591040611267,
    0.249058731675148,
    0.24264786648750306,
    0.24002294313907624,
    0.2369585056900978,
    0.23022319835424424,
    0.22870628106594085,
    0.22477522951364518
  ],
  "val_loss": [
    0.4273661913871765,
    0.41635985660552977,
    0.43159189653396607,
    0.3966597771644592,
    0.3834321618080139,
    0.3634405519962311,
    0.355719967842102,
    0.3332972795963287,
    0.3311891460418701,
    0.3510421686172485,
    0.3141060919761658,
    0.3076991820335388,
    0.30305174028873444,
    0.32060970878601075,
    0.2990263452529907,
    0.3156253752708435,
    0.2999517774581909,
    0.30099895095825197,
    0.31237365627288816,
    0.31780890440940857,
    0.29829696416854856,
    0.2886494493484497,
    0.30296676588058474,
    0.3274712839126587,
    0.29124511766433714,
    0.2979608829021454,
    0.2932807579040527,
    0.2983992292881012,
    0.29380386090278626,
    0.28701579666137694,
    0.28654790115356443,
    0.2935573353767395,
    0.28958612895011904,
    0.2982996852397919,
    0.28853907573223114,
    0.2917262135744095,
    0.29159727311134337,
    0.2908508780002594,
    0.2902615624666214,
    0.2986507076025009,
    0.29367455101013185
  ],
  "val_accuracy": [
    0.8205,
    0.8275,
    0.8065,
    0.8345,
    0.847,
    0.855,
    0.8565,
    0.8645,
    0.875,
    0.8635,
    0.879,
    0.8775,
    0.8845,
    0.8735,
    0.887,
    0.879,
    0.887,
    0.887,
    0.8785,
    0.878,
    0.8835,
    0.8905,
    0.8835,
    0.873,
    0.8855,
    0.8835,
    0.885,
    0.8815,
    0.889,
    0.8915,
    0.8915,
    0.889,
    0.89,
    0.891,
    0.888,
    0.89,
    0.892,
    0.8915,
    0.8925,
    0.892,
    0.89
  ],
  "val_f1": [
    0.834790612057064,
    0.8373408769448374,
    0.8291390728476821,
    0.8464037122969837,
    0.8585951940850277,
    0.8701880035810206,
    0.8722741433021807,
    0.8725905030559473,
    0.8845798707294552,
    0.8771929824561403,
    0.8896991795806746,
    0.8866265617769551,
    0.8935974205435283,
    0.8848429676832044,
    0.8966148215919487,
    0.8869158878504673,
    0.8940955951265229,
    0.894589552238806,
    0.8871342313051556,
    0.8877644894204232,
    0.8933638443935927,
    0.8986580286904211,
    0.892774965485504,
    0.8768186226964112,
    0.8930406352171882,
    0.8915774778966962,
    0.8925233644859814,
    0.8884705882352941,
    0.8974121996303143,
    0.899116689911669,
    0.8985507246376812,
    0.8974121996303143,
    0.8979591836734694,
    0.896780303030303,
    0.8949343339587242,
    0.8967136150234741,
    0.8992537313432836,
    0.8979783732957217,
    0.8992974238875878,
    0.8989710009354537,
    0.8961284230406044
  ],
  "val_auc": [
    0.8704088336795031,
    0.8828839459555136,
    0.8745288707598369,
    0.8839859558736027,
    0.8949780548024933,
    0.8897160074440669,
    0.9005651050859458,
    0.9064591581324232,
    0.907273165458489,
    0.8988660897948082,
    0.9150997358976231,
    0.9165862492762434,
    0.9138792249130242,
    0.9124302118719069,
    0.9166072494652452,
    0.9131152180369624,
    0.9127712149409344,
    0.9159907439166951,
    0.9151272361451251,
    0.9087571788146094,
    0.9195942763484872,
    0.921677295095656,
    0.9210807897271075,
    0.9196702770324934,
    0.9229563066067594,
    0.9207702869325823,
    0.9232428091852828,
    0.9232448092032829,
    0.9235523119708077,
    0.9208232874095867,
    0.923814314328829,
    0.9231253081277733,
    0.9270393433540901,
    0.9242423181808637,
    0.926110334993015,
    0.9287813590322312,
    0.9245083205748852,
    0.9264333379000411,
    0.9290423613812525,
    0.9267573408160674,
    0.9291173620562585
  ],
  "learning_rates": [
    0.001,
    0.001,
    0.001,
    0.001,
    0.001,
    0.001,
    0.001,
    0.001,
    0.001,
    0.001,
    0.001,
    0.001,
    0.001,
    0.001,
    0.001,
    0.001,
    0.001,
    0.001,
    0.001,
    0.001,
    0.001,
    0.001,
    0.001,
    0.001,
    0.001,
    0.001,
    0.001,
    0.001,
    0.0005,
    0.0005,
    0.0005,
    0.0005,
    0.0005,
    0.0005,
    0.0005,
    0.0005,
    0.0005,
    0.00025,
    0.00025,
    0.00025,
    0.00025
  ],
  "epoch_times": [
    16.60959792137146,
    17.719034433364868,
    18.62591290473938,
    20.366074323654175,
    19.16836667060852,
    17.075258493423462,
    18.51773977279663,
    18.825315475463867,
    18.783945322036743,
    18.188802480697632,
    18.42641282081604,
    18.68194556236267,
    17.57339334487915,
    19.139126300811768,
    18.092305183410645,
    18.17500352859497,
    19.211936473846436,
    18.51729917526245,
    17.279184341430664,
    17.412240982055664,
    18.588314294815063,
    17.489258527755737,
    16.450452089309692,
    18.431742668151855,
    16.965953826904297,
    17.92253804206848,
    18.10389280319214,
    19.100768089294434,
    19.869117736816406,
    18.566298723220825,
    18.121647834777832,
    18.1766939163208,
    16.82192587852478,
    17.940897703170776,
    18.25403094291687,
    16.598816871643066,
    17.4662766456604,
    17.090120315551758,
    17.89616823196411,
    17.6532986164093,
    17.072333097457886
  ],
  "best_epoch": 31,
  "best_val_loss": 0.28654790115356443
}