{
  "train_loss": [
    0.4815156999677896,
    0.3835180881686104,
    0.3258748701490914,
    0.2503752240214866,
    0.23828878560767006,
    0.23061979889346007,
    0.20314137532878607,
    0.18803836543339128,
    0.17334419425826864,
    0.16574452611537407,
    0.1477936451403668,
    0.14031635847287818,
    0.12977390456647156,
    0.12211622664341912,
    0.11518427711158705,
    0.10986511576504182,
    0.10226220920229681,
    0.10227544492664048,
    0.10136761937659389,
    0.09405296405973716,
    0.08789483267968645,
    0.085552976553004,
    0.08271917341033015,
    0.08487513057958966,
    0.08259254632392726,
    0.08291915385796429,
    0.07857312643513702,
    0.07503222091087756,
    0.07869091190504857,
    0.07513391803473995,
    0.0703598252488687,
    0.06744374773694209,
    0.07158494624829949,
    0.06859137598550119,
    0.06869573175710754,
    0.060636021787473286,
    0.0594718425278775,
    0.06371647279453688,
    0.056747168880521344,
    0.06191219419937212,
    0.061488042069307434,
    0.059797507050200205,
    0.05758274533300878,
    0.05338449808456504,
    0.05470421703639455,
    0.06046641756670353,
    0.05579195634280436,
    0.05537189809403147,
    0.05135658697728008,
    0.04108472443007218,
    0.03747208534439389,
    0.037154355189783835,
    0.035800185573388474
  ],
  "val_loss": [
    0.4210475943565369,
    0.339543935585022,
    0.251921879696846,
    0.2307130445241928,
    0.21581050153970718,
    0.19934434976577758,
    0.18229072406291963,
    0.17067767882347107,
    0.15386673879623414,
    0.1431199918985367,
    0.14339076981544494,
    0.12229466001987457,
    0.12155973236560821,
    0.1062595964729786,
    0.10090633505582809,
    0.08935045645236969,
    0.0890755059838295,
    0.09667495090961456,
    0.090717107693851,
    0.08651182682514191,
    0.07950737054347992,
    0.07423132809400558,
    0.06869968137741089,
    0.07937740786075592,
    0.06835657395124435,
    0.06932735953629017,
    0.06729787956476212,
    0.10804392349720002,
    0.06742780221104622,
    0.0662277291059494,
    0.07203658447861672,
    0.07473789258599281,
    0.06521744549274444,
    0.06203308050632477,
    0.0696683371692896,
    0.07781131517589092,
    0.057561977511644366,
    0.05787353951334953,
    0.0685669602572918,
    0.06765527947545051,
    0.06857374902665615,
    0.05983129042387009,
    0.05681669098734855,
    0.060299607545137406,
    0.12955252670049666,
    0.059516384583711626,
    0.06542972931563855,
    0.05885698795616627,
    0.06014951044619083,
    0.06071346251219511,
    0.06028218307346105,
    0.05836570658683777,
    0.061007731464505194
  ],
  "val_accuracy": [
    0.8462,
    0.8814,
    0.9274,
    0.9304,
    0.941,
    0.9428,
    0.942,
    0.9412,
    0.9476,
    0.9448,
    0.9462,
    0.9474,
    0.945,
    0.9508,
    0.9534,
    0.973,
    0.973,
    0.9616,
    0.9724,
    0.9754,
    0.9788,
    0.978,
    0.9804,
    0.9766,
    0.978,
    0.9818,
    0.9812,
    0.9738,
    0.9806,
    0.982,
    0.9824,
    0.9792,
    0.9798,
    0.9834,
    0.982,
    0.9764,
    0.9842,
    0.9826,
    0.983,
    0.9834,
    0.984,
    0.9838,
    0.983,
    0.9838,
    0.9792,
    0.9842,
    0.9838,
    0.985,
    0.9842,
    0.9874,
    0.9864,
    0.9884,
    0.9876
  ],
  "val_identical_score": [
    0.11987589098513127,
    0.11027786754071713,
    0.15941284710541367,
    0.09387376497499644,
    0.09438744947314262,
    0.08295390930026769,
    0.11415191225707531,
    0.09914180420339108,
    0.1466828102618456,
    0.20154196061193944,
    0.18466716188937427,
    0.2525805747509003,
    0.2988906805962324,
    0.36588770359754563,
    0.5181879115104675,
    0.5567172938585281,
    0.5685121029615402,
    0.5249093316495419,
    0.583265148550272,
    0.6130034928023815,
    0.7349327498674393,
    0.7597856312990189,
    0.7976722133159637,
    0.8159104460477828,
    0.8102294814586639,
    0.808575211763382,
    0.7884422022104264,
    0.7916888256371021,
    0.8001250439882278,
    0.8911832314729691,
    0.8490486699342727,
    0.8048665785044432,
    0.8956191164255142,
    0.8493017652630805,
    0.9006831550598144,
    0.7241683736443519,
    0.9085667544603347,
    0.9389785820245743,
    0.8910467091202736,
    0.933971819281578,
    0.9509597086906433,
    0.9415665674209595,
    0.8404508043825626,
    0.9615709811449051,
    0.9455069881677628,
    0.9560733789205551,
    0.9323026384413242,
    0.9534384906291962,
    0.8992999517545104,
    0.9757569199800491,
    0.9824118089675903,
    0.9821111005544663,
    0.985504155755043
  ],
  "val_f1": [
    0.48354600402955006,
    0.6484884410195614,
    0.8198511166253102,
    0.8209876543209876,
    0.8477026329375322,
    0.8531827515400411,
    0.8512820512820513,
    0.8437832093517534,
    0.8638253638253638,
    0.8600405679513184,
    0.8608380755302638,
    0.8647814910025707,
    0.855945521215296,
    0.8774900398406374,
    0.8852781880846874,
    0.9369453526389537,
    0.9358059914407989,
    0.9091769157994324,
    0.9345351043643264,
    0.9417889256980596,
    0.9505597014925373,
    0.9488372093023256,
    0.9542056074766355,
    0.9450961989676209,
    0.9489322191272052,
    0.9572970436414828,
    0.955785512699906,
    0.9358157765801078,
    0.9545241443975622,
    0.9577464788732394,
    0.9584905660377359,
    0.9504289799809342,
    0.9526044110746129,
    0.9607565011820332,
    0.9574669187145558,
    0.9427184466019417,
    0.9624346172135045,
    0.958904109589041,
    0.9598488427019367,
    0.9607193563653573,
    0.9617590822179732,
    0.9615567157095396,
    0.9595430747263208,
    0.9615931721194879,
    0.9499518768046198,
    0.9626830420406235,
    0.9615567157095396,
    0.9643027129938124,
    0.9623630300142926,
    0.9700712589073635,
    0.9677113010446344,
    0.9723018147086915,
    0.9705042816365367
  ],
  "val_auc": [
    0.7303202416179599,
    0.8295137071727274,
    0.8977421682032721,
    0.9011863246191092,
    0.9067210388594068,
    0.9207979751045462,
    0.9611403487319947,
    0.9732738255361816,
    0.9792357731530165,
    0.9824205815460616,
    0.9819564207282776,
    0.9876584089408427,
    0.9883952458976303,
    0.9895216551319361,
    0.9895236115526642,
    0.9910102467535643,
    0.9912088234574846,
    0.9902357486977573,
    0.991359712406153,
    0.9917590667873126,
    0.9925929911227409,
    0.9931178009831015,
    0.9935293829938128,
    0.9922171137903206,
    0.9940043041256021,
    0.9932227140446552,
    0.993516421706488,
    0.9923486830842972,
    0.9936571617226284,
    0.9940554156171285,
    0.9935956567459832,
    0.9935973686141205,
    0.994531314959282,
    0.9941028588197893,
    0.9934628646890514,
    0.9934860971851996,
    0.9950531901885501,
    0.9951457533442566,
    0.9938111075786848,
    0.9936078843755349,
    0.9937392091169206,
    0.994247267124795,
    0.9948057029664228,
    0.9947589934215353,
    0.9879124990829278,
    0.994401090704556,
    0.993679293732117,
    0.9942605952410065,
    0.994595143185542,
    0.9945858501870828,
    0.9950350932968135,
    0.995211293438654,
    0.9950961091682766
  ],
  "learning_rates": [
    0.001,
    0.001,
    0.001,
    0.001,
    0.001,
    0.001,
    0.001,
    0.001,
    0.001,
    0.001,
    0.001,
    0.001,
    0.001,
    0.001,
    0.001,
    0.001,
    0.001,
    0.001,
    0.001,
    0.001,
    0.001,
    0.001,
    0.001,
    0.001,
    0.001,
    0.001,
    0.001,
    0.001,
    0.001,
    0.001,
    0.001,
    0.001,
    0.001,
    0.001,
    0.001,
    0.001,
    0.001,
    0.001,
    0.001,
    0.001,
    0.001,
    0.001,
    0.001,
    0.001,
    0.001,
    0.001,
    0.001,
    0.001,
    0.001,
    0.0005,
    0.0005,
    0.0005,
    0.0005
  ],